fecha;LTM CI Equity;SQM/B CI Equity;COPEC CI Equity;SALFACORP CI Equity;VAPORES CI Equity;CAP CI Equity;BSAN CI Equity;CMPC CI Equity;FALAB CI Equity
31-12-2018;6934,2;27305;8327,8;990,8;19,72;6080;51,69;2206,1;5089,6
01-01-2019;6934,2;27305;8327,8;990,8;19,72;6080;51,69;2206,1;5089,6
02-01-2019;7180;27015;8400,9;977,1;19,99;6034;51,96;2191,3;5056,7
03-01-2019;7281,6;25901;8345,9;1007;19,69;6097,4;51,69;2160,4;5087,9
04-01-2019;7449,9;26690;8388,3;1023;20,18;6397,1;51,88;2195,8;5170,2
07-01-2019;7591;26943;8411,6;1029,5;19,88;6436,1;51,25;2136;5170,1
08-01-2019;7784,5;27969;8406,7;1041,9;19,97;6397,3;51,48;2113,3;5177,2
09-01-2019;7950,3;28136;8535,2;1031,9;20,15;6523,2;51,63;2151,1;5223
10-01-2019;7971,6;28174;8785,9;1040,3;20,29;6491,2;51,69;2202,9;5209,6
11-01-2019;7997,7;28592;8998,7;1055;20,2;6489,7;52,33;2270,6;5200,8
14-01-2019;7945;28751;9000;1050;19,94;6445;52,29;2255;5210
15-01-2019;7880;28630;9020;1040,3;19,85;6440;52,48;2294,9;5183
16-01-2019;7780;28649;9098;1045;19,84;6440;53;2360;5189,99
17-01-2019;7770;29000;9100;1050;19,93;6585;52,9;2384;5219,9
18-01-2019;8025;29000;9080;1081;20,17;6609,9;52,89;2394;5274
21-01-2019;7949,8;28820;9100;1090,6;20,06;6568,7;52,66;2384,5;5278
22-01-2019;7860;28689;8987;1068,4;19,8;6325;52,85;2354;5269
23-01-2019;7849;28395;8919;1044,9;19,63;6372,1;53,99;2379;5270
24-01-2019;7860;28400;9050;1055;19,51;6315;53,55;2380;5255
25-01-2019;7865;28384;9090;1045;19,56;6499;53,49;2424,8;5270
28-01-2019;7826,2;27944;9196;1050;19,44;6798;53,59;2420,8;5200
29-01-2019;7855;27900;9060;1051,8;19,6;6944;53,5;2388;5175
30-01-2019;7700;27900;9100;1042,6;19,5;7144;52,8;2348,2;5249,9
31-01-2019;7839;27950;9000;1054,8;19,5;7079,8;52,9;2370;5265
01-02-2019;7750;27698;9299;1066;19,52;7192;52,57;2450;5280
04-02-2019;7909,6;27993;9349;1059,6;19,57;7140,3;53;2472;5271,1
05-02-2019;7915,9;27878;9326,9;1049,7;20,34;7100;53;2481;5247,9
06-02-2019;7650;28000;9250;1048,3;20,5;7260;52,72;2427;5220
07-02-2019;7745;27938;9210,5;1052,4;20,6;7485;52,7;2460;5179
08-02-2019;7699;27490;9128;1035;20,42;7571;52,26;2383,1;5118
11-02-2019;7602;27250;9220;1033;20,61;7425;52,32;2350;5160
12-02-2019;7694;26549;9099,6;1007,3;20,84;7255,1;52,97;2357,9;5248
13-02-2019;7688,5;26900;9010;1025,7;21,5;7326,8;53;2355,3;5264
14-02-2019;7652;27600;9020,2;1017,6;21,28;7350;52,39;2350;5263,9
15-02-2019;7698;27600;9220;1012,1;21,21;7131,2;52,01;2340;5250
18-02-2019;7600;27300;9084,9;1008,4;22;7180,1;52,02;2327,3;5255
19-02-2019;7637;27097;9057;993,93;22;7250,2;51,97;2377;5258,8
20-02-2019;7640;27670;8935;990;22,25;7250;51,97;2420;5239,9
21-02-2019;7700;28335;9054;994,24;21,7;7205;52,48;2423,9;5318
22-02-2019;7750;28850;9169,8;999;21,6;7240;52,85;2459,5;5328,9
25-02-2019;7869;29120;9150;1022,5;21,58;7290;52,15;2451;5319
26-02-2019;7839;28800;9181;1014,4;21,43;7265;53;2488;5280
27-02-2019;7720;28799;9008,9;1009,8;21,5;7275,9;52,69;2430;5155
28-02-2019;7620;27250;8900;1009,4;21,4;7229,9;52,3;2460;5100
01-03-2019;7550;26080;8912,1;1011,8;21,49;7222,2;52;2400;5115
04-03-2019;7470;25597;8820;1004,9;21,26;7099,9;52,03;2364;5080
05-03-2019;7350;25800;8790;995,06;21,71;7270;51,87;2380,2;5102
06-03-2019;7369;25720;9000;998,32;21,69;7565;52;2380;5124
07-03-2019;7391;25380;8950;1006,2;21,38;7660;51,89;2365;5150
08-03-2019;7489,8;25330;9005;998,98;21,24;7427,2;51,39;2385;5120
11-03-2019;7670;25575;8965;1000,1;21,82;7511,1;51,55;2400;5150
12-03-2019;7605;26101;8980;976,86;21,64;7600;51,5;2369;5161
13-03-2019;7900;26880;8890;976,78;21,8;7811;51,71;2349,9;5100,1
14-03-2019;7820;26989;8830;975,01;21,8;7830;51,9;2327,9;5022
15-03-2019;7780;27201;8850;962;21,98;7895;52,5;2338,4;5148
18-03-2019;7730;26600;8850;961,75;22,1;8033;52,2;2350;5120
19-03-2019;7799,8;26600;8800;960,85;22,08;8000;51,85;2320;5100
20-03-2019;7641;25810;8650;984,12;21,77;7699;51,36;2270;5050
21-03-2019;7589;26250;8700;959,51;21,67;7683,8;50,99;2288;5089
22-03-2019;7348;25935;8648;952,2;21,9;7601;50,84;2270;4950
25-03-2019;7292;25965;8598;949,94;21,96;7816,5;50,18;2258;5018
26-03-2019;7255;25648;8630;951,57;22,12;7775;49,95;2278;4950
27-03-2019;7110;25606;8600;913,61;22,4;7721;50;2300;4921
28-03-2019;7080;25850;8600;928,51;22,62;7930,5;50,3;2344;5045
29-03-2019;7235;26149;8639,9;925,66;22,88;8080;51,19;2400;5060
01-04-2019;7251;26150;8732;934,24;23;8163,1;51,02;2380;5040
02-04-2019;7222;25684;8580;925,27;22,9;8135;50,46;2318;5008
03-04-2019;7399,6;25350;8632;912,75;22,7;8070;50,95;2322;5020
04-04-2019;7400;25725;8762,5;930;22,8;8050;51,7;2356;5040
05-04-2019;7325;25715;8749,9;922,98;22,69;8000;51,4;2320;5050
08-04-2019;7250;25696;8748;920;22,8;8134,9;51,96;2317;5076
09-04-2019;7270;25580;8799;937,4;22,68;8279;51,16;2312,7;5070
10-04-2019;7345;25590;8700;939,74;22,59;8330;51;2298;5080
11-04-2019;7310;25200;8702;935,77;22,67;8161;50,4;2306,9;5048,9
12-04-2019;7170,9;24815;8676,1;935,46;22,57;8121;50,5;2301;5000,1
15-04-2019;7116;24700;8550;919,23;22,71;8199;50,52;2304;5000
16-04-2019;7230;24834;8599;913,47;22,63;8150;51,15;2292;5040
17-04-2019;7180;25600;8629;917,03;22,79;8245;49,14;2289;5021
18-04-2019;7135;25250;8660;915,56;22,77;8200;48,78;2265;4972,8
19-04-2019;7135;25250;8660;915,56;22,77;8200;48,78;2265;4972,8
22-04-2019;6990;24550;8600,1;912,04;22,4;7930;48,98;2266,8;5009,9
23-04-2019;6980;24350;8585;903,1;22,27;7935;48,98;2225;4984
24-04-2019;6866;24144;8494;903;22,39;7832;48,99;2239,5;4940
25-04-2019;6697;23902;8420;896,06;22,19;7710;48,78;2244,9;4968,9
26-04-2019;6630;24500;8419;895,89;22,02;7770;48,47;2240;4989,8
29-04-2019;6619;24213;8370;889,7;22;7730;48,35;2280;4955
30-04-2019;6717;24149;8500;884,32;21,62;7738;47,6;2279,8;4999,9
01-05-2019;6717;24149;8500;884,32;21,62;7738;47,6;2279,8;4999,9
02-05-2019;6728;24649;8361;866,16;21,37;7685,4;47,54;2206;4940
03-05-2019;6689;24550;8366;860,33;21,17;7660;48,15;2150;4900
06-05-2019;6667;24501;8177;846,72;20,98;7399;48,6;2135;4820
07-05-2019;6500;24095;8050,1;818,71;20,83;7177,1;48,8;2099;4730
08-05-2019;6750;23524;7937;820,23;20,88;7036,1;48,45;2070,4;4758
09-05-2019;6620;23553;8050;823,24;21,3;7070;48,5;2160,1;4708
10-05-2019;6629;23940;7958;826,23;21,16;7101,9;48,65;2155;4670
13-05-2019;6292;23600;7761;802,06;20,84;6810,1;48,1;2085;4680
14-05-2019;6315;23750;7785;830;20,58;6720;48,9;2072;4760
15-05-2019;6274,3;23610;7661;841,12;20;6850;49;2075;4702
16-05-2019;6130;23300;7530;840,94;20,73;7010;48,81;2041;4620
17-05-2019;5900,2;22601;7411;839,99;20,46;7020;48;2000;4575
20-05-2019;5751;22700;7350,1;839,97;20,13;6934,4;48,31;1978;4510
21-05-2019;5751;22700;7350,1;839,97;20,13;6934,4;48,31;1978;4510
22-05-2019;5880,3;22800;7335;845;20,27;7225;48,42;1935,3;4500
23-05-2019;5900;21375;7311;842,5;20,25;7161,1;48,8;1888;4500
24-05-2019;5850,1;20800;7197,8;841,39;20,81;7300;48,82;1850;4430
27-05-2019;5839,3;20300;7062,2;828,96;20,66;7350;48,4;1824;4360
28-05-2019;5928,01;20500;7119,99;827,9;20,68;7205,2;48,649;1805,01;4250
29-05-2019;5923,9;20600;7084;820;20,32;7200;48,6;1819,9;4290
30-05-2019;6112;21250;7380;818,15;20,4;7103;49,35;1880;4310
31-05-2019;6220;21402;7340,2;816,8;20,21;7041;49,96;1885;4280
03-06-2019;6370;22000;7399,8;820;20,39;7090;49,98;1879;4289
04-06-2019;6349,9;22499;7473;814,64;20,8;7144,9;49,52;1886;4277,9
05-06-2019;6267,7;21850;7238;805;20,59;7100;49,68;1840;4270
06-06-2019;6283,2;21800;7120,1;805;20,52;7021,5;49,39;1808;4248
07-06-2019;6339,4;21600;7125;795,34;20,41;7201;49,95;1809;4249,9
10-06-2019;6440;22120;7190;814,52;20,62;7296;50,75;1823,9;4289,9
11-06-2019;6400;22830;7305;819,98;21,01;7425;51,5;1846;4340
12-06-2019;6363;22201;7328;819,99;20,83;7400,1;51,5;1849;4370
13-06-2019;6420;22425;7343;828,71;21,35;7425;51,3;1844,1;4400
14-06-2019;6307;21873;7290;826,02;21,4;7400;51,49;1858;4364,8
17-06-2019;6248,9;22012;7185,1;827,46;21,48;7375;50,7;1831,5;4330
18-06-2019;6350;21950;7180;825,02;22,1;7579,8;50,9;1822;4285
19-06-2019;6400;21670;7165;833,1;22,23;7611;50,72;1830;4285
20-06-2019;6440;21592;7220;860;22,46;7740;50,47;1849,9;4290
21-06-2019;6350;21520;7250;875,01;22,47;7631;50,1;1890;4300
24-06-2019;6344,9;21092;7450;886,59;22,89;7640,1;50,34;1890;4388
25-06-2019;6380;20835;7430;883,43;22,65;7650;50,69;1882;4500
26-06-2019;6380;21060;7350;868,52;22,85;7769;51,2;1880;4445
27-06-2019;6300;21450;7331;868,5;23,2;7825;50,63;1861;4449,9
28-06-2019;6375;21050;7424;855;23,39;7766;50,5;1860;4424,9
01-07-2019;6380;20800;7265;854,61;24,31;7880;50,85;1830,1;4401
02-07-2019;6200;20310;7100;850;24,4;7820;50,65;1815;4370
03-07-2019;6230;20500;7099,5;849,99;24,5;7923,8;51,15;1830;4430
04-07-2019;6200;20600;7125;852;24,8;7879;51,13;1841;4425
05-07-2019;6495;20630;7290;850;24,79;7712;51,49;1848;4430
08-07-2019;6604;20250;7200;842,9;24,32;7779,7;51,3;1835;4485
09-07-2019;6799;19898;7100;830,79;24,05;7710;50,99;1835;4458
10-07-2019;7035;19880;7040;840,65;23,95;7762,1;51;1822,3;4456,9
11-07-2019;6900;20098;6995;830,03;23,49;7835;51;1825;4469
12-07-2019;6899,99;20550;7015;827,9;23,5;7864,99;51,26;1825;4480,99
15-07-2019;6773,9;20781;7049;824,62;23,61;7823,7;50,8;1829,9;4499
16-07-2019;6773,9;20781;7049;824,62;23,61;7823,7;50,8;1829,9;4499
17-07-2019;6680;20300;7030;824,99;23;7640;51,11;1825;4500
18-07-2019;6720;20449;7001;833;22,68;7410;51,2;1815;4425
19-07-2019;6689,6;21100;6850;817,99;22,88;7498,8;51,9;1800;4399
22-07-2019;6735,8;21290;6844,8;824,95;22,79;7330;51,27;1805,8;4394
23-07-2019;6675;21279;6673;800,11;22,58;7270;50,92;1755,6;4410
24-07-2019;6749,9;21079;6531;783;23;7184;51,01;1699;4410
25-07-2019;6680,1;20900;6438;787,51;22,8;7298;51,8;1623;4470
26-07-2019;6765;20901;6461;783,83;23,25;7300;51,14;1655,3;4390
29-07-2019;6891;20680;6487,4;785,3;23,73;7235;51,7;1654;4395
30-07-2019;6852;20876;6633,5;780,12;23,8;7299,8;51,13;1674;4405
31-07-2019;6710;20650;6460;772;23,9;7219,9;50,98;1651;4350
01-08-2019;6675;19650;6336,2;749,94;23,9;7102,6;51;1610;4375
02-08-2019;6510;19263;6230;729,54;23,55;7111,1;50,8;1575,1;4345
05-08-2019;6249,9;18999;6049;704,96;22,09;6751;49,72;1550;4260,1
06-08-2019;6201;18610;6050;701;22,07;6840;49,19;1552,3;4250,1
07-08-2019;6227,3;19200;6070;700;23,5;6820;50;1601,1;4220
08-08-2019;6550;20331;6415;711,05;24,2;7050;50,4;1680;4280
09-08-2019;6850;20380;6351;705,88;24,85;6890;50,62;1682;4250
12-08-2019;6571;19535;6370;690;24,12;6800;50,28;1690;4205
13-08-2019;6551,4;19405;6500;694,3;24,54;6896;50,1;1725;4270
14-08-2019;6180;18800;6326,1;685,44;24,34;6689,5;49,67;1655;4200
15-08-2019;6180;18800;6326,1;685,44;24,34;6689,5;49,67;1655;4200
16-08-2019;6210,4;19015;6263;700;24,52;6670;50,6;1630;4200
19-08-2019;6291;18900;6265;705;24,61;6570;50,78;1610;4150,2
20-08-2019;6105;18611;6349,8;685;24,79;6500;50,48;1601;4170
21-08-2019;6123,1;18250;6261,1;682,35;24,69;6500;50,52;1603,1;4240
22-08-2019;6011;16971;6100;675;24,95;6300;50,7;1571,1;4200
23-08-2019;5756;16530;6025;662,76;23,69;5961;50;1535;4115
26-08-2019;5680;16421;5979,8;659;22,95;5550;50,25;1510;4050
27-08-2019;5580;16640;6000;651,19;22,8;5570;50;1507;3978
28-08-2019;5579;16969;6028;639,92;22,7;5299,9;49,86;1550;3920
29-08-2019;5818,7;17500;6241,1;620;23,15;5599,1;50,27;1626,1;3999
30-08-2019;6059,9;17800;6501;630,97;23,5;5839;51,55;1665;4050
02-09-2019;5980,3;17600;6451,1;630,86;23,8;5930;51,18;1653;4015
03-09-2019;5860;17200;6306;630,18;23,5;5800;50,7;1601;3933,2
04-09-2019;5968,7;17389;6453,1;622,9;24,42;5939,7;50,98;1650,1;4000
05-09-2019;6150;17901;6649;625,7;25,06;6175;50,88;1705;4035
06-09-2019;6285;17898;6700,2;631,03;25,33;6194;50,79;1661,6;4045
09-09-2019;6315;17920;6724,9;640;24,9;6395;50,87;1665;4090,1
10-09-2019;6340,1;18691;6700;650,7;24,89;6219;51,17;1678;4091
11-09-2019;6509,8;19692;6940;670;26,15;6430;51,4;1732;4110
12-09-2019;6640;19601;7021,9;682,66;25,56;6500;51,57;1750,5;4090
13-09-2019;6745;19628;7028;680;25,85;6525;51,69;1748;4102,6
16-09-2019;6530;19969;7200;680;25,95;6455,1;52,2;1809;4170
17-09-2019;6600;20276;7267,2;697;26,19;6351;52;1830;4200
18-09-2019;6600;20276;7267,2;697;26,19;6351;52;1830;4200
19-09-2019;6600;20276;7267,2;697;26,19;6351;52;1830;4200
20-09-2019;6600;20276;7267,2;697;26,19;6351;52;1830;4200
23-09-2019;6415,1;20189;7070;693,93;25,8;6360;51,3;1749,9;4222
24-09-2019;6404;19602;6890;684;25,4;6215;51,43;1705;4215
25-09-2019;6399;20010;6880;687,64;25,5;6325;51,98;1730;4195
26-09-2019;6550;20375;6990;691,88;25,49;6349;51,9;1720;4197
27-09-2019;8411,2;20100;7000;709,16;25,25;6410;52;1705,1;4229
30-09-2019;8060;20070;6875;720,99;25,32;6350;51,37;1696;4075
01-10-2019;8045;20100;6752;724;25,02;6271;51;1666,3;4130
02-10-2019;7971,2;19805;6651;724;25,1;6270;50,6;1659,9;4099
03-10-2019;7963;19402;6627;721,48;25,2;6290;50,75;1650;4120
04-10-2019;8157;19390;6760;737,97;25,44;6311;50,96;1675;4122
07-10-2019;8168,9;19288;6810;736,84;25,7;6365;51,3;1715;4114,9
08-10-2019;8100;19196;6801;745,05;25,39;6305,1;51,07;1710;4080
09-10-2019;8170;18980;6753;730,57;25,2;6343,6;51,59;1700;4081
10-10-2019;8200;19299;6910;735;25,4;6352;51,1;1765;4085
11-10-2019;8248;20250;7199;759;25,67;6514,9;51,5;1825;4179
14-10-2019;8200;19800;7275;752;25,78;6430;51,49;1840;4195
15-10-2019;8340;20085;7270;750;25,8;6469,7;51,98;1845;4218
16-10-2019;8325;20172;7214;752;25,97;6357,1;52,05;1818;4285
17-10-2019;8600;20243;7301;755,73;25,81;6379;52,1;1839,9;4279,9
18-10-2019;8502;20190;7360;735;25,8;6299,9;51,4;1864;4270
21-10-2019;8210;19110;7045;693,03;24,85;5850;49,3;1750;3970
22-10-2019;8249;19700;7190;683;25,1;5970;50,12;1800;4000,1
23-10-2019;8199;19850;7030;670,1;25,24;5901;49,19;1778,8;3869
24-10-2019;8500;20030;7146,1;700,67;25,44;6065;49,88;1839,9;4050,3
25-10-2019;8429;19680;7000;684,4;25,5;5950;49,2;1800;3950,9
28-10-2019;8445;20170;7050;677,58;25,29;5850;48,97;1830;3999,8
29-10-2019;8369;20170;6925;650;24,88;5610,1;47,87;1799;3910
30-10-2019;8355,01;20171,01;6550,8;625;24;5440;46,01;1690;3815,01
31-10-2019;8355,01;20171,01;6550,8;625;24;5440;46,01;1690;3815,01
01-11-2019;8355,01;20171,01;6550,8;625;24;5440;46,01;1690;3815,01
04-11-2019;8299,9;21100;6830;613,9;24,97;5680;47,18;1749,9;3659,9
05-11-2019;8369;20839;6630;590;25,3;5551;45,93;1722;3639,9
06-11-2019;8180;20389;6420;549,9;25;5320;44,51;1700;3440
07-11-2019;8348;20690;6695;542;25,74;5559;45;1795;3549
08-11-2019;8300;19800;6745;540;25,54;5400;45,7;1820;3600
11-11-2019;8400;20350;6558;490,1;24,94;5280;45,31;1799;3598
12-11-2019;8390;19172;6498;460;24,89;5100,2;44,4;1790;3400
13-11-2019;8478,7;18500;6265;400;24,25;4800,1;44,5;1705;3179
14-11-2019;8480;19150;6548;431,93;24,47;4899;45,21;1762,1;3200
15-11-2019;8550;19110;7189,9;505;25,68;5500;49,35;1874;3650
18-11-2019;8450;18650;7097;517,35;25,71;5513;47,87;1875;3665
19-11-2019;8699;18899;7030;495,08;25,5;5400;47,38;1850;3725
20-11-2019;8697;18200;7100;472,5;25,3;5250;47;1850;3655
21-11-2019;8600;18600;7100;469,79;25,95;5300;46;1840;3515
22-11-2019;8689;18400;6900;459,82;26,74;5350;46;1805;3455
25-11-2019;8487;18400;6750;444,79;26,35;5480;45,5;1780;3360
26-11-2019;8530;18001;6351;410;26,43;5379;44,26;1710;3305
27-11-2019;8599;19400;6584;403,23;26,35;5260;45;1769;3280
28-11-2019;8400;19150;6330;411,82;26,15;5150;43,6;1702,1;3210
29-11-2019;8449;19100;6400;410,04;26,19;5230;42,97;1745;3229,9
02-12-2019;8445;19200;6326;409,16;26,06;5235,5;42,2;1722;3150,2
03-12-2019;8480,1;19285;6320;410,19;25,82;5080;42;1741;3139,7
04-12-2019;8565;19598;6600;444;26,29;5160;43,98;1830;3320
05-12-2019;8598;19320;6775;470;26,48;5348;45,15;1871;3390
06-12-2019;8585;19400;6800;468,88;26,46;5289;44;1848,9;3235
09-12-2019;8550;19320;6894;465,49;27;5197,1;43,6;1900;3290
10-12-2019;8600;19700;6801,1;457;27;5336;43,8;1880;3400
11-12-2019;8557,9;19997;6908,2;451,74;27,25;5561;43,44;1945;3300
12-12-2019;8535;20212;6980;449;27,3;5670;44;1937;3300
13-12-2019;8700;20650;7199;458,58;27,25;5749;44,59;1980;3429
16-12-2019;8750;20702;7150;459;27,26;5750,1;44,83;1995;3413,9
17-12-2019;8800;21076;6951;450;27;5650;44,2;1962;3262,1
18-12-2019;8769;20750;6740;439,03;27;5700;43,6;1898;3189
19-12-2019;8994;20386;6720;450,46;27;5790;44,2;1900,2;3150
20-12-2019;8800;20402;6653;456,22;27,3;5799;44,01;1885;3195
23-12-2019;8525;20799;6635,1;446,99;27,35;5780;44;1875;3269,9
24-12-2019;8300;20925;6700;446,38;27,35;5778,9;43,81;1886;3274,9
25-12-2019;8300;20925;6700;446,38;27,35;5778,9;43,81;1886;3274,9
26-12-2019;8000;20900;6755;442,47;27,1;5680;43,66;1869,9;3200
27-12-2019;7600;20530;6850;428,1;27,27;5679,9;43,19;1873,9;3265
30-12-2019;7545;20110;6750;430,89;27,39;5697;43;1840;3241
31-12-2019;7545;20110;6750;430,89;27,39;5697;43;1840;3241
01-01-2020;7545;20110;6750;430,89;27,39;5697;43;1840;3241
02-01-2020;7800;20450;7100;468;27,22;5710;44,49;1915;3350
03-01-2020;7809,8;20487;7190;487;27,19;5801,2;45,28;1920;3350
06-01-2020;7675;21001;7350;487,83;26,75;5714;46;1963;3390
07-01-2020;7454,9;21510;7544,8;504,82;26,88;5660;46,3;1960;3450
08-01-2020;7645,3;21379;7460;501,21;26,52;5638;46,2;1960;3455,9
09-01-2020;7580;21000;7400;487;26,85;5589,9;46,48;1974;3473
10-01-2020;7435,1;21620;7590;503;27,49;5680;46,69;2080;3550
13-01-2020;7400;23197;7589;502;26,25;5670;46,15;2070;3435
14-01-2020;7351;24048;7587,5;500,93;26;5600;44,5;2042;3329
15-01-2020;7325;23730;7450;498,01;26,19;5450;44,25;1999,1;3295
16-01-2020;7260;24370;7650;480,2;26,12;5355;43,83;2057,9;3275
17-01-2020;7025;23783;7799;476,5;26,19;5410;43,6;2077;3250
20-01-2020;6944;23500;7605;475,5;26,11;5370;42,87;2025;3206,7
21-01-2020;6730;22996;7380;456,51;26,15;5280;42;1970;3102
22-01-2020;6750;22415;7350;446,31;26,13;5279,9;42,1;1970;3160
23-01-2020;6600;23200;7250,1;432,6;25,89;5166;42,6;1945;3160
24-01-2020;6710;22552;7300;432,5;26,15;5200;41,58;1930;3190,1
27-01-2020;6605;22117;7109,9;419,93;25,3;4950;40,61;1870;3106,1
28-01-2020;6610;22320;7175;425;25,3;4950;40,15;1895;3165
29-01-2020;6641;22450;7150;425;25,35;4964,9;39,05;1870;3140
30-01-2020;6650;22600;7170;420,01;25,5;4871,7;39,01;1860,2;3125
31-01-2020;6648;22300;7140;415,59;25,17;4760;39,59;1835;3140
03-02-2020;6606;22403;7140,5;418,46;24,75;4630;40,87;1835;3140
04-02-2020;6860;24399;7261;421,4;25,19;4989;41,38;1868;3165
05-02-2020;7011,1;23451;7423,3;429,38;25,5;5000;40,95;1928;3198
06-02-2020;7290;24099;7600;426,81;25,6;4941,5;41,06;1963,9;3185
07-02-2020;7297;23299;7500;433,15;25,37;4710;40,51;1900;3174,9
10-02-2020;7025,1;23215;7380;436,24;25,3;4775;40,12;1840,1;3161,1
11-02-2020;7101;23800;7590;447,1;25,5;5088;39,8;1910;3155
12-02-2020;7199,8;24501;7740,1;460,12;25,5;5161,7;40,01;1950;3150
13-02-2020;7249;24540;7719;452,88;25,46;5095;40;1967;3163
14-02-2020;7005;24270;7690;449,4;26,33;5144,2;39,54;1959;3159,3
17-02-2020;7036;24550;7600;448,93;25,79;5170;39,11;1931;3150
18-02-2020;6850;23690;7399;439,97;25,33;5035;37,88;1870;3116
19-02-2020;6846;24260;7338;418,92;25,3;4940;37,64;1830;3079
20-02-2020;6900;25990;7200;405,16;25,43;5100;37,9;1800,8;3049
21-02-2020;6867;25451;7240;409,38;25,23;5038,4;38,39;1815;3020
24-02-2020;6641,19;23803,01;7050,71;393,92;24,7;4829,89;37,479;1779,99;2940,11
25-02-2020;6405,01;24553,01;6888,21;387,59;24,63;4780;36,77;1769,99;2912,21
26-02-2020;5948,9;23252;6601;387,19;24,86;4705;37,3;1701;2820
27-02-2020;5803;22601;6560,6;390,09;24,46;4769;36,82;1720;2775,1
28-02-2020;5456;21456;6349;383,91;23,99;4630;36,49;1650;2720
02-03-2020;5550,1;23000;6600;401,7;23,2;4869;37,22;1685;2915
03-03-2020;5475;23200;6600;409,99;23,49;4898;37,43;1690,1;2869
04-03-2020;5710;24055;6750;400,58;23,48;4846,6;38,3;1740;2880
05-03-2020;5600;23700;6700,2;397,04;23,46;4700;38,14;1700;2840
06-03-2020;5315;22502;6599,4;390;23,52;4729,5;36,91;1681;2722,1
09-03-2020;4875;20741;6250;376;23,19;4498;34,6;1575;2600
10-03-2020;5070;21020;6325;386;23,39;4626;35,3;1600;2570
11-03-2020;4700;20002;6265;384;23,26;4500;35;1572;2535
12-03-2020;3950;18800;5721;355,92;22,9;4150;33,3;1500;2421
13-03-2020;4079,9;18700;5816,1;366,5;22,89;4300;33,81;1542;2390
16-03-2020;3000;15710;5099,7;336,47;20,5;3500;29,5;1325;1920
17-03-2020;2770;16220;4850;332,94;20,5;3450,3;31,05;1371,1;1880
18-03-2020;1551;14000;4401;283,15;13,8;2501,1;28,75;1225;1678,9
19-03-2020;1804;14861;4411;270;14,1;2750,1;29,3;1300;1670
20-03-2020;2076,5;14000;4250;266,89;14,09;2800;30,9;1286,2;1730
23-03-2020;2230;13901;4100,1;257,68;12;2599;29,55;1280;1530
24-03-2020;1950;15750;4100;260;12,2;2800;26,75;1328,5;1530
25-03-2020;2349;18110;4430;250;13,73;3200,1;28,61;1430;1580
26-03-2020;2340;18500;4530;260,04;15,36;3275;29;1540;1581
27-03-2020;2250;17505;4800;251,35;16,02;3200;29,28;1650;1590
30-03-2020;2311;18900;4945;257;16,65;3500;30,9;1740;1656
31-03-2020;2200;19540;4900,1;280;17,02;3671;33;1829;1886
01-04-2020;2000;18375;4840;273,5;16,72;3620;33,15;1740;1820
02-04-2020;2080;18900;5299,9;291;17,55;3740;35,4;1774,9;1932,1
03-04-2020;2101;18613;5439;295,23;17,33;3696,2;35,3;1748;1928
06-04-2020;2199,1;18750;5430;310;17,5;3950;36,3;1720;1998
07-04-2020;2199,1;18860;5100;322;17;3815;35,98;1616;1975
08-04-2020;2519,7;19203;5056;363,86;17,2;3881,6;35,05;1660,2;2000,1
09-04-2020;2841;19299;5190,5;358;17,5;3980;35,3;1621,1;2100
10-04-2020;2841;19299;5190,5;358;17,5;3980;35,3;1621,1;2100
13-04-2020;2800;19198;5299;344,92;17,41;3924;35,48;1669,9;2099
14-04-2020;3030;19600;5400;364;17,7;3970,1;34,86;1708,5;2215
15-04-2020;2961;19000;5280;364;17,7;3871;33,59;1675;2210
16-04-2020;2935;18403;5100;354,19;17,61;3900;32,01;1655;2156
17-04-2020;3169;18965;5121;357,71;17,7;3950;32,8;1635,3;2200
20-04-2020;3050;18650;4970;356,65;17,72;3866;31,94;1590;2149,7
21-04-2020;2901;17990;4852;334,78;17,7;3700;31,1;1569;2065
22-04-2020;2921;18790;4920;334,99;18,1;3700;31,3;1575;2050
23-04-2020;3069,8;18646;5149;346,68;19,15;3925;31,29;1658;2083
24-04-2020;2965,1;18200;5024;335;19,16;3810;30,99;1705;2075
27-04-2020;3040;18860;5120,8;349,71;19,75;3951;32,77;1780;2165,1
28-04-2020;3145;19700;5100,1;363;20,19;3995;33,5;1780;2220
29-04-2020;3275;19600;5350,1;372,94;19,95;4100;35,41;1813,9;2337
30-04-2020;3155;19850;5218;361,1;20;4075;35,85;1799,9;2280
01-05-2020;3155;19850;5218;361,1;20;4075;35,85;1799,9;2280
04-05-2020;2860;18520;5000;332;19,24;3994;34,52;1740;2265
05-05-2020;2892;18612;5120;347,05;19,42;4000;35,56;1770;2385
06-05-2020;2749,8;18540;5310;361,35;19,5;3975;36,23;1800,9;2465
07-05-2020;2599;18920;5450;373,19;20,6;4079;35,98;1860;2537
08-05-2020;2520,3;18520;5100;367;20,85;4050;33,63;1715;2405
11-05-2020;2346;19090;5100;350,13;20,8;4021,5;32,94;1719,7;2400
12-05-2020;2265;18500;5050;339,3;21,01;4030;33,1;1685;2379
13-05-2020;2150;17997;4870;318,99;20,75;3838,5;30,8;1696,2;2235
14-05-2020;2300,1;18300;4902;315,1;20,64;3900;31,89;1720;2200
15-05-2020;2249;18249;4770;309,01;20,65;4000;31,4;1676;2124,6
18-05-2020;2340;19126;4978;320,46;20,8;4185;32,71;1770;2200,2
19-05-2020;2137,9;19300;5050;319,73;20,68;4490;31,88;1767;2116
20-05-2020;2082;18950;5060;355;20,78;4719;32,08;1779,9;2185
21-05-2020;2082;18950;5060;355;20,78;4719;32,08;1779,9;2185
22-05-2020;2105;18640;4930;356,5;20,62;4900;32,01;1718;2156,3
25-05-2020;1999,9;19050;4902;360,98;20,73;5200;32,96;1746;2160
26-05-2020;1280;19715;4919;380,08;20,11;5000;33,28;1735;2050
27-05-2020;711;20599;4980;368,22;19,7;4900;34,3;1730;2018,7
28-05-2020;800;20300;4900;355,1;19,2;5175;32,35;1679,1;1881
29-05-2020;860;19649;5050;355;18,7;5205;32,6;1630;1865
01-06-2020;930;19828;5140;361,46;18,91;5350;32,3;1640;1898,5
02-06-2020;1280;20440;5340;355,4;19,06;5535;32,99;1663;1985
03-06-2020;1570;20850;5370;375;19,5;5450;33,48;1695;2050
04-06-2020;1450;20890;5400;386,34;19,97;5350;34,33;1690;2108,1
05-06-2020;1560;21799;5631,1;415;20;5369;36,33;1748,9;2308,6
